profile,dataset,parameter,value,origin
two_group,PBMC-10k,name,"""PBMC-10k""",explicit
two_group,PBMC-10k,seed,0,explicit
two_group,PBMC-10k,no_seed,false,trainer_default
two_group,PBMC-10k,rec_epoch,50,trainer_default
two_group,PBMC-10k,fus_epoch,100,trainer_default
two_group,PBMC-10k,epoch,500,trainer_default
two_group,PBMC-10k,pretrain,false,trainer_default
two_group,PBMC-10k,train_after_pretrain,false,trainer_default
two_group,PBMC-10k,k,20,explicit
two_group,PBMC-10k,multi_k,"""15,20,25""",explicit
two_group,PBMC-10k,multi_k_weights,"""""",trainer_default
two_group,PBMC-10k,rna_k_weights,"""""",trainer_default
two_group,PBMC-10k,second_k_weights,"""""",trainer_default
two_group,PBMC-10k,graph_fusion_mode,"""shared""",trainer_default
two_group,PBMC-10k,alpha1,0.1,trainer_default
two_group,PBMC-10k,alpha2,7.5,explicit
two_group,PBMC-10k,target_power,2.0,explicit
two_group,PBMC-10k,beta,0.0,explicit
two_group,PBMC-10k,gamma,0.0,explicit
two_group,PBMC-10k,pretrain_gamma,0.0,trainer_default
two_group,PBMC-10k,lambda_cell,1.0,explicit
two_group,PBMC-10k,lambda_util,0.0,trainer_default
two_group,PBMC-10k,util_min_mass,0.005,trainer_default
two_group,PBMC-10k,util_start_epoch,200,trainer_default
two_group,PBMC-10k,lambda_balance,0.0,trainer_default
two_group,PBMC-10k,balance_start_epoch,0,trainer_default
two_group,PBMC-10k,balance_source,"""all""",trainer_default
two_group,PBMC-10k,lambda_capacity,0.0,trainer_default
two_group,PBMC-10k,capacity_min_mass,0.0,trainer_default
two_group,PBMC-10k,capacity_max_mass,0.0,trainer_default
two_group,PBMC-10k,capacity_start_epoch,0,trainer_default
two_group,PBMC-10k,capacity_source,"""eval""",trainer_default
two_group,PBMC-10k,lambda_confidence,0.0,trainer_default
two_group,PBMC-10k,confidence_start_epoch,0,trainer_default
two_group,PBMC-10k,lambda_teacher,0.0,trainer_default
two_group,PBMC-10k,teacher_start_epoch,50,trainer_default
two_group,PBMC-10k,teacher_ema_decay,0.99,trainer_default
two_group,PBMC-10k,lambda_center_sep,0.0,trainer_default
two_group,PBMC-10k,center_sep_margin,0.5,trainer_default
two_group,PBMC-10k,center_sep_start_epoch,200,trainer_default
two_group,PBMC-10k,proto_temp,0.1,trainer_default
two_group,PBMC-10k,cell_temp,0.01,trainer_default
two_group,PBMC-10k,cell_loss,"""legacy""",explicit
two_group,PBMC-10k,warmup_epochs,100,trainer_default
two_group,PBMC-10k,beta_ramp_epochs,100,trainer_default
two_group,PBMC-10k,gamma_start_epochs,200,trainer_default
two_group,PBMC-10k,gamma_ramp_epochs,100,trainer_default
two_group,PBMC-10k,method,"""euc""",trainer_default
two_group,PBMC-10k,second_view,"""ATAC""",trainer_default
two_group,PBMC-10k,lr,0.0008,explicit
two_group,PBMC-10k,lr_decay_epoch,0,trainer_default
two_group,PBMC-10k,lr_decay_gamma,0.5,trainer_default
two_group,PBMC-10k,n_d1,100,explicit
two_group,PBMC-10k,n_d2,100,explicit
two_group,PBMC-10k,n_z,20,trainer_default
two_group,PBMC-10k,n_shared,20,explicit
two_group,PBMC-10k,n_private,0,explicit
two_group,PBMC-10k,backbone_type,"""gae""",trainer_default
two_group,PBMC-10k,disentangle_mode,"""hard""",explicit
two_group,PBMC-10k,gae_n_enc_1,256,trainer_default
two_group,PBMC-10k,gae_n_enc_2,128,trainer_default
two_group,PBMC-10k,gae_n_dec_1,128,trainer_default
two_group,PBMC-10k,gae_n_dec_2,256,trainer_default
two_group,PBMC-10k,dropout,0.0,explicit
two_group,PBMC-10k,raw_decode,false,trainer_default
two_group,PBMC-10k,share_cluster_centers,false,trainer_default
two_group,PBMC-10k,center_mode,"""eval""",explicit
two_group,PBMC-10k,reset_train_seed,false,trainer_default
two_group,PBMC-10k,eval_q_mode,"""adaptive""",explicit
two_group,PBMC-10k,eval_view_weight,0.35,explicit
two_group,PBMC-10k,eval_q_power,1.0,explicit
two_group,PBMC-10k,eval_firnd_weight,0.4,explicit
two_group,PBMC-10k,eval_ema_decay,0.975,explicit
two_group,PBMC-10k,eval_confidence,"""entropy""",trainer_default
two_group,PBMC-10k,eval_graph_smooth,0.0,trainer_default
two_group,PBMC-10k,eval_graph_steps,1,trainer_default
two_group,PBMC-10k,eval_search_grid,false,trainer_default
two_group,PBMC-10k,cluster_recovery_splits,2,explicit
two_group,PBMC-10k,cluster_recovery_pca,20,explicit
two_group,PBMC-10k,cluster_recovery_view1_weight,1.25,explicit
two_group,PBMC-10k,rare_cluster_recovery,false,trainer_default
two_group,PBMC-10k,rare_recovery_min_size,2,trainer_default
two_group,PBMC-10k,rare_recovery_max_size,20,trainer_default
two_group,PBMC-10k,rare_recovery_max_fraction,0.05,trainer_default
two_group,PBMC-10k,output_dir,"""outputs/two_group/PBMC-10k""",explicit
two_group,PBMC-10k,pretrain_dir,"""model_pretrained""",trainer_default
two_group,PBMC-10k,scmdcl_init,true,explicit
two_group,PBMC-10k,scmdcl_pretrain_path,null,trainer_default
two_group,PBMC-3k,name,"""PBMC-3k""",explicit
two_group,PBMC-3k,seed,0,explicit
two_group,PBMC-3k,no_seed,false,trainer_default
two_group,PBMC-3k,rec_epoch,50,trainer_default
two_group,PBMC-3k,fus_epoch,100,trainer_default
two_group,PBMC-3k,epoch,500,trainer_default
two_group,PBMC-3k,pretrain,true,explicit
two_group,PBMC-3k,train_after_pretrain,true,explicit
two_group,PBMC-3k,k,10,explicit
two_group,PBMC-3k,multi_k,"""""",trainer_default
two_group,PBMC-3k,multi_k_weights,"""""",trainer_default
two_group,PBMC-3k,rna_k_weights,"""""",trainer_default
two_group,PBMC-3k,second_k_weights,"""""",trainer_default
two_group,PBMC-3k,graph_fusion_mode,"""shared""",trainer_default
two_group,PBMC-3k,alpha1,0.1,explicit
two_group,PBMC-3k,alpha2,10.0,explicit
two_group,PBMC-3k,target_power,2.0,explicit
two_group,PBMC-3k,beta,0.0,explicit
two_group,PBMC-3k,gamma,0.0,explicit
two_group,PBMC-3k,pretrain_gamma,0.0,explicit
two_group,PBMC-3k,lambda_cell,1.0,explicit
two_group,PBMC-3k,lambda_util,0.0,trainer_default
two_group,PBMC-3k,util_min_mass,0.005,trainer_default
two_group,PBMC-3k,util_start_epoch,200,trainer_default
two_group,PBMC-3k,lambda_balance,0.0,trainer_default
two_group,PBMC-3k,balance_start_epoch,0,trainer_default
two_group,PBMC-3k,balance_source,"""all""",trainer_default
two_group,PBMC-3k,lambda_capacity,0.0,trainer_default
two_group,PBMC-3k,capacity_min_mass,0.0,trainer_default
two_group,PBMC-3k,capacity_max_mass,0.0,trainer_default
two_group,PBMC-3k,capacity_start_epoch,0,trainer_default
two_group,PBMC-3k,capacity_source,"""eval""",trainer_default
two_group,PBMC-3k,lambda_confidence,0.0,trainer_default
two_group,PBMC-3k,confidence_start_epoch,0,trainer_default
two_group,PBMC-3k,lambda_teacher,0.0,trainer_default
two_group,PBMC-3k,teacher_start_epoch,50,trainer_default
two_group,PBMC-3k,teacher_ema_decay,0.99,trainer_default
two_group,PBMC-3k,lambda_center_sep,0.0,trainer_default
two_group,PBMC-3k,center_sep_margin,0.5,trainer_default
two_group,PBMC-3k,center_sep_start_epoch,200,trainer_default
two_group,PBMC-3k,proto_temp,0.1,trainer_default
two_group,PBMC-3k,cell_temp,0.01,trainer_default
two_group,PBMC-3k,cell_loss,"""legacy""",explicit
two_group,PBMC-3k,warmup_epochs,100,explicit
two_group,PBMC-3k,beta_ramp_epochs,100,explicit
two_group,PBMC-3k,gamma_start_epochs,200,explicit
two_group,PBMC-3k,gamma_ramp_epochs,100,explicit
two_group,PBMC-3k,method,"""euc""",trainer_default
two_group,PBMC-3k,second_view,"""ATAC""",trainer_default
two_group,PBMC-3k,lr,0.0008,explicit
two_group,PBMC-3k,lr_decay_epoch,0,trainer_default
two_group,PBMC-3k,lr_decay_gamma,0.5,trainer_default
two_group,PBMC-3k,n_d1,100,explicit
two_group,PBMC-3k,n_d2,49,explicit
two_group,PBMC-3k,n_z,20,explicit
two_group,PBMC-3k,n_shared,16,explicit
two_group,PBMC-3k,n_private,4,explicit
two_group,PBMC-3k,backbone_type,"""gae""",trainer_default
two_group,PBMC-3k,disentangle_mode,"""hard""",explicit
two_group,PBMC-3k,gae_n_enc_1,256,trainer_default
two_group,PBMC-3k,gae_n_enc_2,128,trainer_default
two_group,PBMC-3k,gae_n_dec_1,128,trainer_default
two_group,PBMC-3k,gae_n_dec_2,256,trainer_default
two_group,PBMC-3k,dropout,0.4,explicit
two_group,PBMC-3k,raw_decode,false,trainer_default
two_group,PBMC-3k,share_cluster_centers,false,trainer_default
two_group,PBMC-3k,center_mode,"""train""",explicit
two_group,PBMC-3k,reset_train_seed,false,trainer_default
two_group,PBMC-3k,eval_q_mode,"""adaptive""",explicit
two_group,PBMC-3k,eval_view_weight,0.65,explicit
two_group,PBMC-3k,eval_q_power,1.0,explicit
two_group,PBMC-3k,eval_firnd_weight,0.6,explicit
two_group,PBMC-3k,eval_ema_decay,0.95,explicit
two_group,PBMC-3k,eval_confidence,"""entropy""",trainer_default
two_group,PBMC-3k,eval_graph_smooth,0.0,trainer_default
two_group,PBMC-3k,eval_graph_steps,1,trainer_default
two_group,PBMC-3k,eval_search_grid,false,trainer_default
two_group,PBMC-3k,cluster_recovery_splits,2,explicit
two_group,PBMC-3k,cluster_recovery_pca,5,explicit
two_group,PBMC-3k,cluster_recovery_view1_weight,3.0,explicit
two_group,PBMC-3k,rare_cluster_recovery,false,trainer_default
two_group,PBMC-3k,rare_recovery_min_size,2,trainer_default
two_group,PBMC-3k,rare_recovery_max_size,20,trainer_default
two_group,PBMC-3k,rare_recovery_max_fraction,0.05,trainer_default
two_group,PBMC-3k,output_dir,"""outputs/two_group/PBMC-3k""",explicit
two_group,PBMC-3k,pretrain_dir,"""model_pretrained""",trainer_default
two_group,PBMC-3k,scmdcl_init,false,trainer_default
two_group,PBMC-3k,scmdcl_pretrain_path,null,trainer_default
two_group,BMNC,name,"""BMNC""",explicit
two_group,BMNC,seed,0,explicit
two_group,BMNC,no_seed,false,trainer_default
two_group,BMNC,rec_epoch,50,trainer_default
two_group,BMNC,fus_epoch,100,trainer_default
two_group,BMNC,epoch,500,trainer_default
two_group,BMNC,pretrain,true,explicit
two_group,BMNC,train_after_pretrain,true,explicit
two_group,BMNC,k,10,explicit
two_group,BMNC,multi_k,"""""",trainer_default
two_group,BMNC,multi_k_weights,"""""",trainer_default
two_group,BMNC,rna_k_weights,"""""",trainer_default
two_group,BMNC,second_k_weights,"""""",trainer_default
two_group,BMNC,graph_fusion_mode,"""shared""",trainer_default
two_group,BMNC,alpha1,0.1,explicit
two_group,BMNC,alpha2,10.0,explicit
two_group,BMNC,target_power,2.0,explicit
two_group,BMNC,beta,0.0,explicit
two_group,BMNC,gamma,0.0,explicit
two_group,BMNC,pretrain_gamma,0.0,explicit
two_group,BMNC,lambda_cell,1.0,explicit
two_group,BMNC,lambda_util,0.0,trainer_default
two_group,BMNC,util_min_mass,0.005,trainer_default
two_group,BMNC,util_start_epoch,200,trainer_default
two_group,BMNC,lambda_balance,0.0,trainer_default
two_group,BMNC,balance_start_epoch,0,trainer_default
two_group,BMNC,balance_source,"""all""",trainer_default
two_group,BMNC,lambda_capacity,0.0,trainer_default
two_group,BMNC,capacity_min_mass,0.0,trainer_default
two_group,BMNC,capacity_max_mass,0.0,trainer_default
two_group,BMNC,capacity_start_epoch,0,trainer_default
two_group,BMNC,capacity_source,"""eval""",trainer_default
two_group,BMNC,lambda_confidence,0.0,trainer_default
two_group,BMNC,confidence_start_epoch,0,trainer_default
two_group,BMNC,lambda_teacher,0.0,trainer_default
two_group,BMNC,teacher_start_epoch,50,trainer_default
two_group,BMNC,teacher_ema_decay,0.99,trainer_default
two_group,BMNC,lambda_center_sep,0.0,trainer_default
two_group,BMNC,center_sep_margin,0.5,trainer_default
two_group,BMNC,center_sep_start_epoch,200,trainer_default
two_group,BMNC,proto_temp,0.1,trainer_default
two_group,BMNC,cell_temp,0.01,trainer_default
two_group,BMNC,cell_loss,"""legacy""",explicit
two_group,BMNC,warmup_epochs,100,explicit
two_group,BMNC,beta_ramp_epochs,100,explicit
two_group,BMNC,gamma_start_epochs,200,explicit
two_group,BMNC,gamma_ramp_epochs,100,explicit
two_group,BMNC,method,"""euc""",trainer_default
two_group,BMNC,second_view,"""ATAC""",trainer_default
two_group,BMNC,lr,0.001,explicit
two_group,BMNC,lr_decay_epoch,0,trainer_default
two_group,BMNC,lr_decay_gamma,0.5,trainer_default
two_group,BMNC,n_d1,100,explicit
two_group,BMNC,n_d2,25,explicit
two_group,BMNC,n_z,20,explicit
two_group,BMNC,n_shared,16,explicit
two_group,BMNC,n_private,4,explicit
two_group,BMNC,backbone_type,"""gae""",trainer_default
two_group,BMNC,disentangle_mode,"""hard""",explicit
two_group,BMNC,gae_n_enc_1,256,trainer_default
two_group,BMNC,gae_n_enc_2,128,trainer_default
two_group,BMNC,gae_n_dec_1,128,trainer_default
two_group,BMNC,gae_n_dec_2,256,trainer_default
two_group,BMNC,dropout,0.4,explicit
two_group,BMNC,raw_decode,false,trainer_default
two_group,BMNC,share_cluster_centers,false,trainer_default
two_group,BMNC,center_mode,"""train""",explicit
two_group,BMNC,reset_train_seed,false,trainer_default
two_group,BMNC,eval_q_mode,"""adaptive""",explicit
two_group,BMNC,eval_view_weight,0.65,explicit
two_group,BMNC,eval_q_power,1.0,explicit
two_group,BMNC,eval_firnd_weight,0.6,explicit
two_group,BMNC,eval_ema_decay,0.95,explicit
two_group,BMNC,eval_confidence,"""entropy""",trainer_default
two_group,BMNC,eval_graph_smooth,0.0,trainer_default
two_group,BMNC,eval_graph_steps,1,trainer_default
two_group,BMNC,eval_search_grid,false,trainer_default
two_group,BMNC,cluster_recovery_splits,2,explicit
two_group,BMNC,cluster_recovery_pca,5,explicit
two_group,BMNC,cluster_recovery_view1_weight,3.0,explicit
two_group,BMNC,rare_cluster_recovery,false,trainer_default
two_group,BMNC,rare_recovery_min_size,2,trainer_default
two_group,BMNC,rare_recovery_max_size,20,trainer_default
two_group,BMNC,rare_recovery_max_fraction,0.05,trainer_default
two_group,BMNC,output_dir,"""outputs/two_group/BMNC""",explicit
two_group,BMNC,pretrain_dir,"""model_pretrained""",trainer_default
two_group,BMNC,scmdcl_init,false,trainer_default
two_group,BMNC,scmdcl_pretrain_path,null,trainer_default
